{
  "GET All Activities" : {
    "transaction" : "GET All Activities",
    "sampleCount" : 30,
    "errorCount" : 0,
    "errorPct" : 0.0,
    "meanResTime" : 1397.0666666666666,
    "minResTime" : 988.0,
    "maxResTime" : 1637.0,
    "pct1ResTime" : 1633.8,
    "pct2ResTime" : 1637.0,
    "pct3ResTime" : 1637.0,
    "throughput" : 18.270401948842874,
    "receivedKBytesPerSec" : 55.39999809683313,
    "sentKBytesPerSec" : 3.1045409561510353
  },
  "Total" : {
    "transaction" : "Total",
    "sampleCount" : 60,
    "errorCount" : 0,
    "errorPct" : 0.0,
    "meanResTime" : 708.1666666666671,
    "minResTime" : 4.0,
    "maxResTime" : 1637.0,
    "pct1ResTime" : 1628.0,
    "pct2ResTime" : 1633.9,
    "pct3ResTime" : 1637.0,
    "throughput" : 35.7355568790947,
    "receivedKBytesPerSec" : 60.31247673466349,
    "sentKBytesPerSec" : 6.159497840976772
  },
  "GET  Activities" : {
    "transaction" : "GET  Activities",
    "sampleCount" : 30,
    "errorCount" : 0,
    "errorPct" : 0.0,
    "meanResTime" : 19.266666666666666,
    "minResTime" : 4.0,
    "maxResTime" : 44.0,
    "pct1ResTime" : 40.20000000000002,
    "pct2ResTime" : 42.349999999999994,
    "pct3ResTime" : 44.0,
    "throughput" : 588.2352941176471,
    "receivedKBytesPerSec" : 201.9186580882353,
    "sentKBytesPerSec" : 102.82628676470588
  }
}