{
  "GET All Activities" : {
    "transaction" : "GET All Activities",
    "sampleCount" : 30,
    "errorCount" : 0,
    "errorPct" : 0.0,
    "meanResTime" : 4770.866666666668,
    "minResTime" : 4751.0,
    "maxResTime" : 4788.0,
    "pct1ResTime" : 4786.9,
    "pct2ResTime" : 4787.45,
    "pct3ResTime" : 4788.0,
    "throughput" : 6.253908692933083,
    "receivedKBytesPerSec" : 18.987697388993123,
    "sentKBytesPerSec" : 1.062675891181989
  },
  "Total" : {
    "transaction" : "Total",
    "sampleCount" : 60,
    "errorCount" : 0,
    "errorPct" : 0.0,
    "meanResTime" : 2540.999999999999,
    "minResTime" : 212.0,
    "maxResTime" : 4788.0,
    "pct1ResTime" : 4779.7,
    "pct2ResTime" : 4786.95,
    "pct3ResTime" : 4788.0,
    "throughput" : 11.641443538998837,
    "receivedKBytesPerSec" : 19.670325839154057,
    "sentKBytesPerSec" : 2.0065574068684517
  },
  "GET  Activities" : {
    "transaction" : "GET  Activities",
    "sampleCount" : 30,
    "errorCount" : 0,
    "errorPct" : 0.0,
    "meanResTime" : 311.1333333333334,
    "minResTime" : 212.0,
    "maxResTime" : 369.0,
    "pct1ResTime" : 355.7,
    "pct2ResTime" : 362.4,
    "pct3ResTime" : 369.0,
    "throughput" : 80.86253369272237,
    "receivedKBytesPerSec" : 27.754380053908356,
    "sentKBytesPerSec" : 14.135149932614555
  }
}