{
	"info": {
		"_postman_id": "1c9681ce-ca0b-4d2f-ad94-5a72ca2c0398",
		"name": "DataValidation",
		"schema": "https://schema.getpostman.com/json/collection/v2.0.0/collection.json"
	},
	"item": [
		{
			"name": "Create User",
			"event": [
				{
					"listen": "test",
					"script": {
						"exec": [
							"pm.test(\"Response contains Created At\", function () {",
							"    pm.expect(pm.response.text()).to.include(\"createdAt\");",
							"});",
							"pm.test(\"name validation\", function () {",
							"    pm.expect(pm.response.json().name).to.eql(\"morpheus\");",
							"});",
							"pm.test(\"job validation\", function () {",
							"    pm.expect(pm.response.json().job).to.eql(\"leader\");",
							"});",
							"var json = pm.response.json();",
							"pm.environment.set(\"id\", json.id);"
						],
						"type": "text/javascript"
					}
				}
			],
			"request": {
				"method": "POST",
				"header": [],
				"body": {
					"mode": "raw",
					"raw": "{\n    \"name\": \"{{name}}\",\n    \"job\": \"{{job}}\"\n}",
					"options": {
						"raw": {
							"language": "json"
						}
					}
				},
				"url": "https://reqres.in/api/users"
			},
			"response": []
		},
		{
			"name": "Get All Users",
			"event": [
				{
					"listen": "test",
					"script": {
						"exec": [
							"pm.test(\"Response contains page\", function () {",
							"    pm.expect(pm.response.text()).to.include(\"page\");",
							"});",
							"pm.test(\"per_page validation\", function () {",
							"    pm.expect(pm.response.json().per_page).to.eql(6);",
							"});",
							"pm.test(\"total validation\", function () {",
							"    pm.expect(pm.response.json().total).to.eql(12);",
							"});",
							"pm.test(\"total pages validation\", function () {",
							"    pm.expect(pm.response.json().total_pages).to.eql(2);",
							"});",
							""
						],
						"type": "text/javascript"
					}
				}
			],
			"request": {
				"method": "GET",
				"header": [],
				"url": "https://reqres.in/api/users"
			},
			"response": []
		},
		{
			"name": "Update user",
			"event": [
				{
					"listen": "test",
					"script": {
						"exec": [
							"pm.test(\"Response contains Created At\", function () {\r",
							"    pm.expect(pm.response.text()).to.include(\"updatedAt\");\r",
							"});\r",
							"pm.test(\"name update validation\", function () {\r",
							"    pm.expect(pm.response.json().name).to.eql(\"morpheus\");\r",
							"});\r",
							"pm.test(\"job update validation\", function () {\r",
							"    pm.expect(pm.response.json().job).to.eql(\"zion resident\");\r",
							"});\r",
							""
						],
						"type": "text/javascript"
					}
				}
			],
			"request": {
				"method": "PUT",
				"header": [],
				"body": {
					"mode": "raw",
					"raw": "{\r\n    \"name\": \"{{name}}\",\r\n    \"job\": \"{{new_job}}\"\r\n}",
					"options": {
						"raw": {
							"language": "json"
						}
					}
				},
				"url": "https://reqres.in/api/users/{{id}}"
			},
			"response": []
		},
		{
			"name": "Delete",
			"event": [
				{
					"listen": "test",
					"script": {
						"exec": [
							"pm.test(\"Status code is 204\", function () {\r",
							"  pm.response.to.have.status(204);\r",
							"});"
						],
						"type": "text/javascript"
					}
				}
			],
			"request": {
				"method": "DELETE",
				"header": [],
				"url": "https://reqres.in/api/users/{{id}}"
			},
			"response": []
		}
	]
}