{
	"info": {
		"_postman_id": "25e80a47-4e46-4593-89fb-4e0d9689517f",
		"name": "RegressionSuite",
		"schema": "https://schema.getpostman.com/json/collection/v2.0.0/collection.json"
	},
	"item": [
		{
			"name": "Create User",
			"event": [
				{
					"listen": "test",
					"script": {
						"exec": [
							"pm.test(\"Successful response\", function () {",
							"    pm.expect(pm.response.text()).to.include(\"name\");",
							"});",
							"var json = pm.response.json();",
							"pm.environment.set(\"id\", json.id);"
						],
						"type": "text/javascript"
					}
				}
			],
			"request": {
				"method": "POST",
				"header": [],
				"body": {
					"mode": "raw",
					"raw": "{\n    \"name\": \"{{name}}\",\n    \"job\": \"{{job}}\"\n}",
					"options": {
						"raw": {
							"language": "json"
						}
					}
				},
				"url": "https://reqres.in/api/users"
			},
			"response": []
		},
		{
			"name": "Get All Users",
			"event": [
				{
					"listen": "test",
					"script": {
						"exec": [
							"pm.test(\"Successful response\", function () {",
							"    pm.expect(pm.response.text()).to.include(\"page\");",
							"});",
							""
						],
						"type": "text/javascript"
					}
				}
			],
			"request": {
				"method": "GET",
				"header": [],
				"url": "https://reqres.in/api/users"
			},
			"response": []
		},
		{
			"name": "Update user",
			"event": [
				{
					"listen": "test",
					"script": {
						"exec": [
							"pm.test(\"Successful response\", function () {\r",
							"    pm.expect(pm.response.text()).to.include(\"updatedAt\");\r",
							"});"
						],
						"type": "text/javascript"
					}
				}
			],
			"request": {
				"method": "PUT",
				"header": [],
				"body": {
					"mode": "raw",
					"raw": "{\r\n    \"name\": \"{{name}}\",\r\n    \"job\": \"{{new_job}}\"\r\n}",
					"options": {
						"raw": {
							"language": "json"
						}
					}
				},
				"url": "https://reqres.in/api/users/{{id}}"
			},
			"response": []
		},
		{
			"name": "Delete",
			"event": [
				{
					"listen": "test",
					"script": {
						"exec": [
							"pm.test(\"Status code is 204\", function () {\r",
							"  pm.response.to.have.status(204);\r",
							"});"
						],
						"type": "text/javascript"
					}
				}
			],
			"request": {
				"method": "DELETE",
				"header": [],
				"url": "https://reqres.in/api/users/{{id}}"
			},
			"response": []
		}
	]
}